{
    "extends": ["tslint:recommended", "tslint-react", "tslint-config-prettier", "tslint-microsoft-contrib"],
    "linterOptions": {
      "exclude": [
        "packages/**/config/**/*.js",
        "packages/**/*.test.ts",
        "packages/**/*.test.tsx",
        "**/node_modules/**/*.ts",
        "**/*/CHANGELOG.md",
        "testOutput/**/*",
        "babel.config.js",
        "packages/**/build/**/*",
        "packages/**/dist/**/*",
        "packages/**/docs/**/*"
      ]
    },
    "jsRules": true,
    "rules": {
      "align" :[true, "statements", "parameters", "members", "elements"],
      "curly": [true, "ignore-same-line"],
      "cyclomatic-complexity": false,
      "indent":[true, "spaces", 4],
      "jsx-alignment": false,
      "max-line-length": false,
      "import-name" : false,
      "no-import-side-effect" : false,
      "no-any":false,
      "no-trailing-whitespace": [true, "ignore-blank-lines"],
      "no-consecutive-blank-lines": true,
      "no-backbone-get-set-outside-model": false,
      "no-irregular-whitespace": true,
      "no-require-imports" : true,
      "no-relative-imports" : false,
      "no-implicit-dependencies" : false,
      "no-unsafe-any" : false,
      "no-submodule-imports" : false,
      "no-multiline-string" : false,
      "no-console": {
        "severity": "warning",
        "options": [
            "debug",
            "info",
            "log",
            "time",
            "timeEnd",
            "trace"
        ]
      },
      "quotemark":[true, "single", "jsx-double", "avoid-escape", "avoid-template"],
      "strict-boolean-expressions" : false,
      "react-a11y-event-has-role" : true,
      "prefer-array-literal": false,
      "no-default-export": false,
      "match-default-export-name" :false,
      "linebreak-style" : false,
      "typedef": false,
      "variable-name":false,
      "missing-jsdoc": false,
      "promise-function-async": false,
      "function-name": false,
      "export-name": false,
      "completed-docs": false,
      "no-empty": false,
      "newline-before-return": false,
      "no-suspicious-comment": false,
      "no-unnecessary-class": false,
      "no-unused-expression": false,
      "no-parameter-reassignment": false,
      "prefer-type-cast": false,
      "no-object-literal-type-assertion": false,
      "no-dynamic-delete": false,
      "prefer-readonly": false,
      "no-null-keyword": false,
      "newline-per-chained-call": false,
      "react-this-binding-issue": [true, {"bind-decorators": ["autobind"]}]
    }
  }
